{"nodes":{"node:1":{"location":{"x":196,"y":-320}}},"selection":null,"view":{"scroll":{"x":-844.4285888671875,"y":-1395.447509765625},"zoom":2}}