{"nodes":{"node:1":{"location":{"x":196,"y":-320}}},"selection":null,"view":{"scroll":{"x":-292.3558349609375,"y":-1647.338134765625},"zoom":3}}